<?xml version="1.0" encoding="UTF-8" ?>
<!DOCTYPE mapper PUBLIC "-//mybatis.org//DTD Mapper 3.0//EN"
        "http://mybatis.org/dtd/mybatis-3-mapper.dtd">
<mapper namespace="com.oicq.dao.NoticeDao">
   <insert id="insert" parameterType="com.oicq.entity.Notice">
       insert into notice (`from`,`to`,`msg`,`type`,`time`)
       values (#{from},#{to},#{msg},#{type},#{time})
   </insert>
    <select id="getByFromAndTo" parameterType="com.oicq.entity.Notice" resultType="com.oicq.entity.Notice">
        select * from notice
        where `from`=#{from} and `to`=#{to} and `type`=#{type}
    </select>
    <select id="getByFromOrTo" parameterType="java.lang.String" resultType="com.oicq.entity.NoticeQuery">
        select n.id,n.from,n.to,n.msg,n.type,n.time,u.nickname as toName,u.email as toEmail
        from notice n,user u
         where (n.to=u.id and n.from=#{id}) or (n.from=u.id and n.to=#{id})
    </select>
    <select id="getById" parameterType="java.lang.String" resultType="com.oicq.entity.Notice">
        select * from notice
        where id=#{id}
    </select>
    <select id="deleteById" parameterType="java.lang.String">
        delete from notice
        where id=#{id}
    </select>
</mapper>